USE hotelDB;

INSERT INTO Amenity (
			AmenityId, 
            AmenityType, 
            JacuzziCharge)
VALUES 
			(1, 'Microwave', NULL),
			(2, 'Refrigerator', NULL),
			(3, 'Jacuzzi', '25.00'),
            (4, 'Oven', NULL);
            
INSERT INTO Guest (
			GuestId, 
            Fname, 
            Lname,
            Address,
            City,
            State,
            Zip,
            Phone)
VALUES 
			(1, 'Sinead', 'Kelly', 'Dublin Road', 'Galway', 'IR', 12345, '1234567890'),
			(2, 'Mack', 'Simmer', '379 Old Shore Street', 'Council Bluffs', 'IA', 51501, '(291) 553-0508'),
			(3, 'Bettyann', 'Seery', '750 Wintergreen Dr.', 'Wasilla', 'AK', 99654, '(478) 277-9632'),
            (4, 'Duane', 'Cullison', '9662 Foxrun Lane', 'Harlingen', 'TX', 78552, '(308) 494-0198'),
			(5, 'Karie', 'Yang', '9378 W. Augusta Ave.', 'West Deptford', 'NJ', 08096, '(214) 730-0298'),
			(6, 'Aurore', 'Lipton', '762 Wild Rose Street', 'Saginaw', 'MI', 48601, '(377) 507-0974'),
            (7, 'Zachery', 'Luechtefeld', '7 Poplar Dr.', 'Arvada', 'CO', 80003, '(814) 485-2615'),
			(8, 'Jeremiah', 'Pendergrass', '70 Oakwood St.', 'Zion', 'IL', 60099, '(279) 491-0960'),
			(9, 'Walter', 'Holaway', '7556 Arrowhead St.', 'Cumberland', 'RI', 02864, '(446) 396-6785'),
            (10, 'Wilfred', 'Vise', '77 West Surrey Street', 'Oswego', 'NY', 13126, '(834) 727-1001'),
			(11, 'Maritza', 'Tilton', '939 Linda Rd.', 'Burke', 'VA', 22015, '(446) 351-6860'),
			(12, 'Joleen', 'Tison', '87 Queen St.', 'Drexel Hill', 'PA', 19026, '(231) 893-2755');
            
INSERT INTO Reservation (
			ResId,
            Adults,
            Children,
            StartDate,
            EndDate,
            TotalCost
            )
VALUES 
(1,	1, 0, '2023/2/2', '2023/2/4', 299.98),
(2,	2, 1, '2023/2/5', '2023/2/10', 999.95),
(3,	2, 0, '2023/2/22', '2023/2/24', 349.98),
(4, 2, 2, '2023/3/6', '2023/3/7', 199.99),
(5,	1, 1, '2023/3/17', '2023/3/20', 524.97),
(6,	3, 0, '2023/3/18', '2023/3/23', 924.95),
(7,	2, 2, '2023/3/29', '2023/3/31', 349.98),
(8,	2, 0, '2023/3/31', '2023/4/5', 874.95),
(9,	1, 0, '2023/4/9', '2023/4/13', 799.96),
(10, 1,	1, '2023/4/23', '2023/4/24', 174.99),
(11, 2,	4, '2023/5/30', '2023/6/2', 1199.97),
(12, 2, 0, '2023/6/10',	'2023/6/14', 599.96),
(13, 1, 0, '2023/6/10', '2023/6/14', 599.96),
(14, 3, 0, '2023/6/17', '2023/6/18', 184.99),
(15, 2, 0, '2023/6/28', '2023/7/2', 699.96),
(16, 3,	1, '2023/7/13', '2023/7/14', 184.99),
(17, 4,	2, '2023/7/18', '2023/7/21', 1259.97),
(18, 2,	1, '2023/7/28', '2023/7/29', 199.99),
(19, 1, 0, '2023/8/30', '2023/9/1', 349.98),
(20, 2, 0, '2023/9/16',	'2023/9/17', 149.99),
(21, 2,	2,	'2023/9/13', '2023/9/15', 399.98),
(22, 2,	2,	'2023/11/22', '2023/11/25', 1199.97),
(23, 2, 0, '2023/11/22', '2023/11/25', 449.97),
(24, 2,	2, '2023/11/22', '2023/11/25', 599.97),
(25, 2, 0, '2023/12/24', '2023/12/28', 699.96);

INSERT INTO RoomType (
			RoomTypeId, 
            RoomType,
            BasePrice)
VALUES 
(1, 'Single', 149.99),
(2, 'Double', 174.99),
(3, 'Suite', 399.99);

INSERT INTO Room (
			RoomNo,
            RoomTypeId,
            ADA,
            StndOccupancy,
            MaxOccupancy,
            ExtraPerson)
VALUES 
(201, 2, 0,	2, 4, 10.00),
(202, 2, 1,	2, 4, 10.00),
(203, 2, 0,	2, 4, 10.00),
(204, 2, 0,	2, 4, 10.00),
(205, 1, 0,	2, 2, NULL),
(206, 1, 1, 2, 2, NULL),
(207, 1, 0,	2, 2, NULL),
(208, 1, 1, 2, 2, NULL),
(301, 2, 0,	2, 4, 10.00),
(302, 2, 1,	2, 4, 10.00),
(303, 2, 0,	2, 4, 10.00),
(304, 2, 1,	2, 4, 10.00),
(305, 1, 0,	2, 2, NULL),
(306, 1, 1,	2, 2, NULL),
(307, 1, 0,	2, 2, NULL),
(308, 1, 1,	2, 2, NULL),
(401, 3, 1,	3, 8, 20.00),
(402, 3, 1,	3, 8, 20.00);

INSERT INTO GuestRes (
			ResId,
            GuestId)
VALUES 
(1, 2),
(2, 3),
(3, 4),
(4, 5),
(5, 1),
(6, 6),
(7, 7),
(8, 8),
(9, 9),
(10, 10),
(11, 11),
(12, 12),
(13, 12),
(14, 6),
(15, 1),
(16, 9),
(17, 10),
(18, 3),
(19, 3),
(20, 2),
(21, 5),
(22, 4),
(23, 2),
(24, 2),
(25, 11);

INSERT INTO RoomAmenity (
			RoomNo,
            AmenityId)      
VALUES 
(201, 1),
(201, 3),
(202, 2),
(203, 1),
(203, 3),
(204, 2),
(205, 1),
(205, 2),
(205, 3),
(206, 1),
(206, 2),
(207, 1),
(207, 2),
(207, 3),
(208, 1),
(208, 2),
(301, 1),
(301, 3),
(302, 2),
(303, 1),
(303, 3),
(304, 2),
(305, 1),
(305, 2),
(305, 3),
(306, 1),
(306, 2),
(307, 1),
(307, 2),
(307, 3),
(308, 1),
(308, 2),
(401, 1),
(401, 2),
(401, 4),
(402, 1),
(402, 2),
(402, 4);

INSERT INTO RoomRes (
			ResId, 
            RoomNo)
VALUES 
(1,	308),
(2,	203),
(3,	305),
(4, 201),
(5,	307),
(6,	302),
(7,	202),
(8,	304),
(9,	301),
(10, 207),
(11, 401),
(12, 206),
(13, 208),
(14, 304),
(15, 205),
(16, 204),
(17, 401),
(18, 303),
(19, 305),
(20, 208),
(21, 203),
(22, 401),
(23, 206),
(24, 301),
(25, 302);

-- Delete data related to Jeremiah Pendergrass and his reservations
DELETE r.*,gr.*,g.* FROM Reservation as r
JOIN GuestRes as gr ON gr.ResId = r.ResId
JOIN Guest as g ON g.GuestId = gr.GuestId
WHERE g.fname = 'Jeremiah' AND g.lname = 'Pendergrass';

